index,x,y,z,rx,ry,rz
1,0.278768,0.309039,0.00268799,-2.113,-1.55585,2.60111
2,0.277706,0.309545,0.00424961,-2.49597,-1.55238,2.21987
3,0.276637,0.310045,0.00580957,-2.73427,-1.54714,1.98329
4,0.275563,0.310536,0.00736782,-2.88068,-1.54103,1.83859
5,0.274484,0.311021,0.00892433,-2.97569,-1.53449,1.74528
6,0.273399,0.311497,0.0104791,-3.04104,-1.5277,1.68163
7,0.272309,0.311967,0.012032,-3.08823,-1.52076,1.63614
8,0.271213,0.312428,0.0135831,-3.12365,-1.51372,1.60241
9,0.270112,0.312882,0.0151324,3.13212,-1.5066,1.57667
10,0.269006,0.313329,0.0166797,3.11037,-1.49943,1.5566
11,0.267894,0.313767,0.0182251,3.09278,-1.49222,1.54068
12,0.266778,0.314198,0.0197685,3.07831,-1.48496,1.52787
13,0.265656,0.314622,0.0213099,3.06624,-1.47768,1.51747
14,0.264529,0.315037,0.0228493,3.05607,-1.47037,1.50895
15,0.263397,0.315445,0.0243866,3.04741,-1.46303,1.50194
16,0.262259,0.315845,0.0259217,3.03999,-1.45567,1.49616
17,0.261117,0.316238,0.0274548,3.03357,-1.44829,1.49138
18,0.25997,0.316622,0.0289856,3.028,-1.44089,1.48744
19,0.258818,0.316999,0.0305143,3.02314,-1.43348,1.48421
20,0.257661,0.317368,0.0320407,3.01888,-1.42604,1.48157
21,0.256499,0.317729,0.0335648,3.01513,-1.41859,1.47944
22,0.255333,0.318082,0.0350867,3.01183,-1.41112,1.47774
23,0.254161,0.318427,0.0366062,3.00891,-1.40363,1.47643
24,0.252985,0.318764,0.0381233,3.00633,-1.39613,1.47545
25,0.251804,0.319093,0.039638,3.00405,-1.38862,1.47476
26,0.250619,0.319415,0.0411502,3.00202,-1.38108,1.47433
27,0.249429,0.319728,0.04266,3.00023,-1.37354,1.47413
28,0.248234,0.320033,0.0441673,2.99865,-1.36598,1.47412
29,0.247035,0.32033,0.045672,2.99725,-1.3584,1.4743
30,0.245832,0.320619,0.0471741,2.99602,-1.35082,1.47464
31,0.244624,0.3209,0.0486737,2.99494,-1.34322,1.47512
32,0.243411,0.321173,0.0501706,2.99399,-1.3356,1.47574
33,0.242195,0.321438,0.0516648,2.99317,-1.32797,1.47647
34,0.240974,0.321694,0.0531563,2.99246,-1.32033,1.47731
35,0.239749,0.321943,0.0546451,2.99185,-1.31267,1.47825
36,0.238519,0.322183,0.0561311,2.99133,-1.30501,1.47928
37,0.237285,0.322415,0.0576143,2.9909,-1.29733,1.48038
38,0.236048,0.322639,0.0590946,2.99055,-1.28963,1.48157
39,0.234806,0.322855,0.0605721,2.99028,-1.28193,1.48282
40,0.23356,0.323062,0.0620467,2.99006,-1.27421,1.48413
41,0.23231,0.323261,0.0635183,2.98991,-1.26648,1.4855
42,0.231057,0.323452,0.064987,2.98982,-1.25873,1.48693
43,0.229799,0.323635,0.0664526,2.98978,-1.25098,1.4884
44,0.228538,0.323809,0.0679152,2.98979,-1.24321,1.48992
45,0.227272,0.323975,0.0693748,2.98985,-1.23543,1.49148
46,0.226004,0.324132,0.0708313,2.98995,-1.22764,1.49308
47,0.224731,0.324281,0.0722846,2.99009,-1.21983,1.49471
48,0.223455,0.324422,0.0737348,2.99026,-1.21202,1.49638
49,0.222175,0.324555,0.0751818,2.99047,-1.20419,1.49808
50,0.220891,0.324679,0.0766255,2.99072,-1.19635,1.49981
51,0.219604,0.324795,0.078066,2.99099,-1.1885,1.50156
52,0.218314,0.324902,0.0795032,2.99129,-1.18064,1.50334
53,0.21702,0.325001,0.0809371,2.99162,-1.17277,1.50515
54,0.215723,0.325091,0.0823676,2.99198,-1.16489,1.50697
55,0.214422,0.325173,0.0837947,2.99236,-1.15699,1.50882
56,0.213118,0.325246,0.0852185,2.99276,-1.14908,1.51068
57,0.211811,0.325311,0.0866387,2.99318,-1.14117,1.51257
58,0.210501,0.325368,0.0880555,2.99362,-1.13324,1.51447
59,0.209188,0.325416,0.0894688,2.99408,-1.1253,1.51638
60,0.207872,0.325455,0.0908786,2.99456,-1.11735,1.51831
61,0.206552,0.325486,0.0922848,2.99505,-1.10939,1.52026
62,0.20523,0.325509,0.0936873,2.99557,-1.10142,1.52221
63,0.203904,0.325523,0.0950863,2.99609,-1.09344,1.52418
64,0.202576,0.325528,0.0964815,2.99663,-1.08545,1.52616
65,0.201245,0.325525,0.0978731,2.99718,-1.07744,1.52815
66,0.199912,0.325513,0.099261,2.99775,-1.06943,1.53015
67,0.198575,0.325493,0.100645,2.99833,-1.06141,1.53216
68,0.197236,0.325464,0.102025,2.99891,-1.05338,1.53418
69,0.195894,0.325427,0.103402,2.99951,-1.04533,1.53621
70,0.19455,0.325381,0.104775,3.00012,-1.03728,1.53825
71,0.193203,0.325326,0.106143,3.00074,-1.02922,1.54029
72,0.191854,0.325263,0.107508,3.00137,-1.02114,1.54234
73,0.190502,0.325191,0.108869,3.00201,-1.01306,1.54439
74,0.189148,0.325111,0.110226,3.00265,-1.00497,1.54646
75,0.187792,0.325022,0.111579,3.0033,-0.996867,1.54852
76,0.186433,0.324924,0.112928,3.00396,-0.988755,1.5506
77,0.185072,0.324818,0.114273,3.00463,-0.980634,1.55268
78,0.183709,0.324703,0.115614,3.0053,-0.972503,1.55476
79,0.182344,0.324579,0.11695,3.00598,-0.964363,1.55685
80,0.180977,0.324447,0.118283,3.00666,-0.956214,1.55894
81,0.179608,0.324306,0.119611,3.00735,-0.948055,1.56103
82,0.178237,0.324157,0.120936,3.00804,-0.939887,1.56313
83,0.176863,0.323999,0.122256,3.00874,-0.93171,1.56524
84,0.175489,0.323832,0.123571,3.00944,-0.923524,1.56734
85,0.174112,0.323657,0.124883,3.01015,-0.915329,1.56945
86,0.172734,0.323473,0.12619,3.01086,-0.907125,1.57157
87,0.171354,0.32328,0.127492,3.01158,-0.898913,1.57368
88,0.169972,0.323079,0.128791,3.0123,-0.890691,1.5758
89,0.168589,0.322869,0.130085,3.01302,-0.882461,1.57792
90,0.167204,0.32265,0.131374,3.01374,-0.874223,1.58005
91,0.165818,0.322423,0.13266,3.01447,-0.865975,1.58217
92,0.16443,0.322187,0.13394,3.0152,-0.85772,1.5843
93,0.163041,0.321943,0.135216,3.01593,-0.849455,1.58643
94,0.16165,0.32169,0.136488,3.01666,-0.841183,1.58856
95,0.160259,0.321428,0.137755,3.0174,-0.832902,1.59069
96,0.158866,0.321158,0.139017,3.01813,-0.824613,1.59283
97,0.157472,0.320879,0.140275,3.01887,-0.816316,1.59497
98,0.156077,0.320591,0.141528,3.01961,-0.808011,1.59711
99,0.154681,0.320295,0.142777,3.02035,-0.799697,1.59925
100,0.153284,0.31999,0.144021,3.02109,-0.791376,1.60139
101,0.151886,0.319677,0.14526,3.02184,-0.783047,1.60353
102,0.150487,0.319355,0.146494,3.02258,-0.77471,1.60568
103,0.149087,0.319024,0.147724,3.02332,-0.766365,1.60782
104,0.147687,0.318685,0.148949,3.02407,-0.758013,1.60997
105,0.146286,0.318337,0.150168,3.02481,-0.749653,1.61212
106,0.144884,0.317981,0.151384,3.02555,-0.741285,1.61427
107,0.143481,0.317616,0.152594,3.0263,-0.73291,1.61642
108,0.142078,0.317242,0.153799,3.02704,-0.724528,1.61857
109,0.140675,0.31686,0.154999,3.02779,-0.716138,1.62072
110,0.139271,0.31647,0.156195,3.02853,-0.707741,1.62288
111,0.137866,0.316071,0.157385,3.02927,-0.699337,1.62503
112,0.136462,0.315663,0.158571,3.03001,-0.690925,1.62719
113,0.135057,0.315247,0.159751,3.03075,-0.682507,1.62935
114,0.133651,0.314822,0.160926,3.03149,-0.674081,1.63151
115,0.132246,0.314389,0.162097,3.03223,-0.665649,1.63367
116,0.130841,0.313947,0.163262,3.03297,-0.65721,1.63583
117,0.129435,0.313497,0.164422,3.0337,-0.648763,1.63799
118,0.128029,0.313038,0.165577,3.03444,-0.64031,1.64015
119,0.126624,0.312571,0.166727,3.03517,-0.631851,1.64232
120,0.125219,0.312096,0.167871,3.0359,-0.623385,1.64448
121,0.123813,0.311612,0.16901,3.03663,-0.614912,1.64665
122,0.122408,0.311119,0.170144,3.03735,-0.606432,1.64882
123,0.121003,0.310619,0.171273,3.03808,-0.597947,1.65099
124,0.119599,0.310109,0.172397,3.0388,-0.589455,1.65316
125,0.118195,0.309592,0.173515,3.03952,-0.580956,1.65533
126,0.116791,0.309066,0.174628,3.04024,-0.572452,1.6575
127,0.115388,0.308532,0.175735,3.04095,-0.563941,1.65968
128,0.113986,0.307989,0.176837,3.04166,-0.555424,1.66185
129,0.112584,0.307438,0.177934,3.04237,-0.546901,1.66403
130,0.111182,0.306879,0.179025,3.04308,-0.538372,1.66621
131,0.109781,0.306311,0.180111,3.04378,-0.529837,1.66839
132,0.108382,0.305736,0.181192,3.04449,-0.521297,1.67057
133,0.106982,0.305152,0.182266,3.04518,-0.51275,1.67275
134,0.105584,0.304559,0.183336,3.04588,-0.504198,1.67494
135,0.104187,0.303959,0.1844,3.04657,-0.49564,1.67712
136,0.102791,0.30335,0.185458,3.04726,-0.487077,1.67931
137,0.101395,0.302733,0.186511,3.04794,-0.478508,1.6815
138,0.100001,0.302108,0.187558,3.04862,-0.469934,1.6837
139,0.0986081,0.301475,0.188599,3.04929,-0.461354,1.68589
140,0.0972162,0.300834,0.189635,3.04997,-0.452769,1.68809
141,0.0958256,0.300184,0.190665,3.05064,-0.444179,1.69028
142,0.0944363,0.299527,0.19169,3.0513,-0.435583,1.69249
143,0.0930483,0.298861,0.192708,3.05196,-0.426983,1.69469
144,0.0916617,0.298188,0.193722,3.05261,-0.418377,1.69689
145,0.0902767,0.297506,0.194729,3.05327,-0.409767,1.6991
146,0.0888931,0.296816,0.195731,3.05391,-0.401151,1.70131
147,0.0875111,0.296119,0.196726,3.05455,-0.392531,1.70352
148,0.0861308,0.295413,0.197716,3.05519,-0.383905,1.70574
149,0.0847521,0.2947,0.198701,3.05582,-0.375276,1.70796
150,0.0833751,0.293978,0.199679,3.05645,-0.366641,1.71018
151,0.082,0.293249,0.200652,3.05707,-0.358002,1.7124
152,0.0806267,0.292512,0.201618,3.05769,-0.349358,1.71462
153,0.0792552,0.291767,0.202579,3.0583,-0.34071,1.71685
154,0.0778858,0.291014,0.203534,3.05891,-0.332058,1.71909
155,0.0765183,0.290253,0.204483,3.05951,-0.323401,1.72132
156,0.0751529,0.289485,0.205426,3.0601,-0.31474,1.72356
157,0.0737896,0.288709,0.206363,3.06069,-0.306074,1.7258
158,0.0724284,0.287925,0.207294,3.06127,-0.297405,1.72805
159,0.0710695,0.287133,0.208219,3.06185,-0.288731,1.7303
160,0.0697128,0.286334,0.209138,3.06242,-0.280054,1.73255
161,0.0683585,0.285527,0.210051,3.06298,-0.271372,1.73481
162,0.0670065,0.284713,0.210958,3.06354,-0.262687,1.73707
163,0.065657,0.283891,0.211859,3.06409,-0.253998,1.73933
164,0.0643099,0.283061,0.212754,3.06464,-0.245305,1.7416
165,0.0629654,0.282224,0.213643,3.06517,-0.236609,1.74387
166,0.0616234,0.281379,0.214526,3.0657,-0.227909,1.74615
167,0.0602841,0.280527,0.215402,3.06623,-0.219205,1.74843
168,0.0589474,0.279668,0.216273,3.06674,-0.210498,1.75072
169,0.0576135,0.278801,0.217137,3.06725,-0.201788,1.75301
170,0.0562824,0.277927,0.217995,3.06775,-0.193074,1.75531
171,0.0549541,0.277045,0.218847,3.06825,-0.184357,1.75761
172,0.0536288,0.276156,0.219693,3.06873,-0.175637,1.75992
173,0.0523063,0.27526,0.220533,3.06921,-0.166914,1.76223
174,0.0509869,0.274356,0.221366,3.06968,-0.158188,1.76455
175,0.0496704,0.273446,0.222193,3.07014,-0.149459,1.76687
176,0.0483571,0.272528,0.223014,3.07059,-0.140727,1.7692
177,0.047047,0.271603,0.223829,3.07104,-0.131992,1.77153
178,0.04574,0.270671,0.224637,3.07147,-0.123254,1.77387
179,0.0444363,0.269731,0.225439,3.0719,-0.114514,1.77622
180,0.0431358,0.268785,0.226235,3.07232,-0.105771,1.77857
181,0.0418387,0.267832,0.227024,3.07273,-0.0970251,1.78093
182,0.040545,0.266871,0.227807,3.07313,-0.0882772,1.7833
183,0.0392548,0.265904,0.228584,3.07352,-0.0795268,1.78567
184,0.037968,0.26493,0.229354,3.0739,-0.0707741,1.78805
185,0.0366848,0.263949,0.230118,3.07427,-0.0620192,1.79044
186,0.0354052,0.262961,0.230876,3.07463,-0.0532621,1.79283
187,0.0341292,0.261966,0.231627,3.07498,-0.0445029,1.79523
188,0.032857,0.260964,0.232372,3.07532,-0.0357417,1.79764
189,0.0315884,0.259956,0.233111,3.07564,-0.0269785,1.80006
190,0.0303236,0.258941,0.233843,3.07596,-0.0182135,1.80249
191,0.0290627,0.25792,0.234568,3.07627,-0.00944664,1.80492
192,0.0278057,0.256891,0.235287,3.07657,-0.000678084,1.80736
193,0.0265526,0.255857,0.236,3.07685,0.00809212,1.80981
194,0.0253034,0.254815,0.236706,3.07712,0.0168639,1.81227
195,0.0240583,0.253767,0.237406,3.07738,0.0256372,1.81474
196,0.0228173,0.252713,0.238099,3.07763,0.0344118,1.81722
197,0.0215804,0.251652,0.238786,3.07787,0.0431878,1.81971
198,0.0203476,0.250585,0.239467,3.07809,0.0519651,1.82221
199,0.0191191,0.249511,0.24014,3.0783,0.0607435,1.82471
200,0.0178948,0.248431,0.240808,3.0785,0.069523,1.82723
201,0.0166748,0.247345,0.241468,3.07868,0.0783035,1.82976
202,0.0154592,0.246253,0.242123,3.07885,0.087085,1.8323
203,0.014248,0.245154,0.24277,3.07901,0.0958673,1.83485
204,0.0130412,0.244049,0.243411,3.07915,0.10465,1.83741
205,0.0118389,0.242938,0.244046,3.07928,0.113434,1.83999
206,0.0106411,0.241821,0.244674,3.0794,0.122218,1.84257
207,0.00944794,0.240698,0.245295,3.0795,0.131003,1.84517
208,0.00825937,0.239569,0.24591,3.07958,0.139788,1.84778
209,0.00707547,0.238435,0.246518,3.07965,0.148574,1.8504
210,0.00589627,0.237294,0.24712,3.0797,0.15736,1.85304
211,0.00472183,0.236147,0.247715,3.07974,0.166146,1.85568
212,0.00355219,0.234995,0.248304,3.07976,0.174932,1.85835
213,0.00238738,0.233836,0.248885,3.07977,0.183718,1.86102
214,0.00122746,0.232672,0.249461,3.07975,0.192504,1.86371
215,7.24671e-05,0.231503,0.250029,3.07972,0.201289,1.86642
216,-0.00107756,0.230327,0.250591,3.07968,0.210075,1.86914
217,-0.00222258,0.229146,0.251147,3.07961,0.218859,1.87187
218,-0.00336254,0.22796,0.251695,3.07953,0.227644,1.87462
219,-0.00449741,0.226768,0.252237,3.07943,0.236428,1.87739
220,-0.00562715,0.225571,0.252773,3.0793,0.245211,1.88017
221,-0.0067517,0.224368,0.253301,3.07916,0.253993,1.88297
222,-0.00787104,0.22316,0.253823,3.079,0.262774,1.88579
223,-0.00898512,0.221946,0.254339,3.07882,0.271555,1.88862
224,-0.0100939,0.220727,0.254848,3.07862,0.280334,1.89147
225,-0.0111973,0.219503,0.25535,3.0784,0.289112,1.89434
226,-0.0122954,0.218274,0.255845,3.07815,0.297889,1.89723
227,-0.0133881,0.21704,0.256334,3.07789,0.306664,1.90014
228,-0.0144752,0.2158,0.256816,3.0776,0.315438,1.90307
229,-0.0155569,0.214556,0.257291,3.07729,0.32421,1.90602
230,-0.0166331,0.213306,0.25776,3.07695,0.33298,1.90899
231,-0.0177037,0.212052,0.258222,3.07659,0.341748,1.91198
232,-0.0187686,0.210793,0.258677,3.07621,0.350515,1.91499
233,-0.019828,0.209528,0.259125,3.0758,0.359279,1.91803
234,-0.0208816,0.20826,0.259567,3.07537,0.368041,1.92108
235,-0.0219295,0.206986,0.260003,3.07491,0.376801,1.92416
236,-0.0229716,0.205707,0.260431,3.07442,0.385558,1.92727
237,-0.024008,0.204424,0.260853,3.07391,0.394312,1.9304
238,-0.0250385,0.203137,0.261268,3.07337,0.403064,1.93355
239,-0.0260631,0.201845,0.261676,3.0728,0.411813,1.93673
240,-0.0270819,0.200548,0.262078,3.0722,0.420558,1.93994
241,-0.0280947,0.199247,0.262473,3.07157,0.429301,1.94317
242,-0.0291015,0.197942,0.262861,3.07092,0.43804,1.94643
243,-0.0301023,0.196632,0.263243,3.07023,0.446776,1.94972
244,-0.031097,0.195318,0.263618,3.06951,0.455508,1.95304
245,-0.0320857,0.193999,0.263986,3.06875,0.464236,1.95639
246,-0.0330683,0.192677,0.264347,3.06797,0.472961,1.95976
247,-0.0340447,0.19135,0.264702,3.06715,0.481681,1.96317
248,-0.0350149,0.190019,0.26505,3.06629,0.490397,1.96662
249,-0.0359789,0.188684,0.265392,3.0654,0.499109,1.97009
250,-0.0369367,0.187346,0.265726,3.06448,0.507816,1.9736
251,-0.0378882,0.186003,0.266054,3.06351,0.516518,1.97714
252,-0.0388334,0.184656,0.266376,3.06251,0.525216,1.98072
253,-0.0397722,0.183306,0.26669,3.06147,0.533908,1.98434
254,-0.0407047,0.181952,0.266998,3.06039,0.542595,1.98799
255,-0.0416307,0.180594,0.2673,3.05927,0.551277,1.99168
256,-0.0425504,0.179232,0.267594,3.0581,0.559953,1.99541
257,-0.0434635,0.177867,0.267882,3.0569,0.568623,1.99918
258,-0.0443702,0.176499,0.268163,3.05565,0.577287,2.003
259,-0.0452703,0.175126,0.268438,3.05435,0.585945,2.00685
260,-0.0461639,0.173751,0.268706,3.05301,0.594596,2.01075
261,-0.0470509,0.172372,0.268967,3.05162,0.60324,2.0147
262,-0.0479313,0.170989,0.269222,3.05018,0.611878,2.01869
263,-0.048805,0.169604,0.269469,3.04869,0.620508,2.02273
264,-0.0496721,0.168215,0.269711,3.04715,0.629131,2.02681
265,-0.0505325,0.166823,0.269945,3.04556,0.637746,2.03095
266,-0.0513861,0.165428,0.270173,3.04391,0.646353,2.03514
267,-0.052233,0.164029,0.270395,3.04221,0.654952,2.03938
268,-0.0530732,0.162628,0.27061,3.04045,0.663543,2.04368
269,-0.0539065,0.161224,0.270818,3.03863,0.672125,2.04803
270,-0.054733,0.159817,0.271019,3.03675,0.680698,2.05244
271,-0.0555527,0.158407,0.271214,3.03481,0.689261,2.05692
272,-0.0563654,0.156994,0.271402,3.03281,0.697815,2.06145
273,-0.0571713,0.155579,0.271584,3.03074,0.706359,2.06604
274,-0.0579702,0.154161,0.271759,3.0286,0.714892,2.0707
275,-0.0587622,0.15274,0.271928,3.0264,0.723415,2.07543
276,-0.0595472,0.151317,0.27209,3.02412,0.731928,2.08022
277,-0.0603253,0.149891,0.272245,3.02177,0.740428,2.08509
278,-0.0610962,0.148463,0.272394,3.01934,0.748917,2.09003
279,-0.0618602,0.147032,0.272536,3.01684,0.757394,2.09504
280,-0.0626171,0.1456,0.272672,3.01426,0.765859,2.10013
281,-0.0633669,0.144164,0.272801,3.01159,0.77431,2.10531
282,-0.0641096,0.142727,0.272924,3.00884,0.782748,2.11056
283,-0.0648451,0.141287,0.27304,3.006,0.791173,2.1159
284,-0.0655735,0.139846,0.273149,3.00308,0.799583,2.12133
285,-0.0662948,0.138402,0.273253,3.00006,0.807978,2.12684
286,-0.0670088,0.136956,0.273349,2.99694,0.816359,2.13245
287,-0.0677157,0.135509,0.273439,2.99373,0.824723,2.13816
288,-0.0684153,0.134059,0.273523,2.99041,0.833071,2.14396
289,-0.0691077,0.132608,0.2736,2.98699,0.841403,2.14987
290,-0.0697928,0.131155,0.273671,2.98346,0.849717,2.15589
291,-0.0704706,0.1297,0.273735,2.97982,0.858013,2.16201
292,-0.0711411,0.128244,0.273793,2.97606,0.86629,2.16825
293,-0.0718043,0.126786,0.273845,2.97219,0.874548,2.1746
294,-0.0724602,0.125327,0.27389,2.96819,0.882786,2.18108
295,-0.0731087,0.123866,0.273928,2.96406,0.891004,2.18768
296,-0.0737498,0.122404,0.27396,2.9598,0.899199,2.19441
297,-0.0743836,0.12094,0.273986,2.95541,0.907373,2.20127
298,-0.0750099,0.119475,0.274006,2.95088,0.915524,2.20827
299,-0.0756289,0.118009,0.274019,2.9462,0.92365,2.21542
300,-0.0762404,0.116542,0.274026,2.94137,0.931752,2.22271
