Link Name,Center of Mass X,Center of Mass Y,Center of Mass Z,Center of Mass Roll,Center of Mass Pitch,Center of Mass Yaw,Mass,Moment Ixx,Moment Ixy,Moment Ixz,Moment Iyy,Moment Iyz,Moment Izz,Visual X,Visual Y,Visual Z,Visual Roll,Visual Pitch,Visual Yaw,Mesh Filename,Color Red,Color Green,Color Blue,Color Alpha,Collision X,Collision Y,Collision Z,Collision Roll,Collision Pitch,Collision Yaw,Collision Mesh Filename,Material Name,SW Components,Coordinate System,Axis Name,Joint Name,Joint Type,Joint Origin X,Joint Origin Y,Joint Origin Z,Joint Origin Roll,Joint Origin Pitch,Joint Origin Yaw,Parent,Joint Axis X,Joint Axis Y,Joint Axis Z,Limit Effort,Limit Velocity,Limit Lower,Limit Upper,Calibration rising,Calibration falling,Dynamics Damping,Dynamics Friction,Safety Soft Upper,Safety Soft Lower,Safety K Position,Safety K Velocity
base_link,-0.19869,-0.042275,0.0026893,0,0,0,61.5,0.66713,-0.030684,0.0010817,0.45911,-0.00095978,0.28801,0,0,0,0,0,0,package://wheel_robot_26.8.16_3/meshes/base_link.STL,1,1,1,1,0,0,0,0,0,0,package://wheel_robot_26.8.16_3/meshes/base_link.STL,,base_link-1,cs00,,,,0,0,0,0,0,0,,0,0,0,,,,,,,,,,,,
calf_Link,0.15089,-6.3254E-06,0.0012888,0,0,0,16,0.0049624,-2.0816E-05,7.6927E-07,0.022537,1.5354E-07,0.026442,0,0,0,0,0,0,package://wheel_robot_26.8.16_3/meshes/calf_Link.STL,1,1,1,1,0,0,0,0,0,0,package://wheel_robot_26.8.16_3/meshes/calf_Link.STL,,calf_link-1,cs_smallleg_pitch,axis_smallleg_pitch,calf_pitch_joint,revolute,0,0,0,0,0,0,base_link,0,0,1,100,3.14,-1.2566,0.52,,,,,,,,
thigh_Link,0.18956,-0.0088997,0.00187,0,0,0,11,0.22318,-0.014365,-0.0056146,0.46318,-0.00041005,0.35897,0,0,0,0,0,0,package://wheel_robot_26.8.16_3/meshes/thigh_Link.STL,1,1,1,1,0,0,0,0,0,0,package://wheel_robot_26.8.16_3/meshes/thigh_Link.STL,,thigh_link-1,cs_bigleg_pitch,axis_bigleg_pitch,thigh_pitch_joint,revolute,0.3,0,0,0,0,0,calf_Link,0,0,1,100,3.14,0,2.56,,,,,,,,
waist_Link,2.9662E-05,0.0098953,-0.0027717,0,0,0,5,0.07633,3.7224E-05,-1.8709E-06,0.089778,-0.00057105,0.097713,0,0,0,0,0,0,package://wheel_robot_26.8.16_3/meshes/waist_Link.STL,1,1,1,1,0,0,0,0,0,0,package://wheel_robot_26.8.16_3/meshes/waist_Link.STL,,waist_link-1,cs_waist_pitch,axis_waist_pitch,waist_pitch_joint,revolute,0.35,0,0,0,0,1.5708,thigh_Link,0,0,1,100,3.14,-1.31,0.5235,,,,,,,,
torso_Link,0.01102,-2.3722E-05,0.26952,0,0,0,18.35,0.37614,1.6502E-05,0.0079687,0.17393,-3.5374E-05,0.25035,0,0,0,0,0,0,package://wheel_robot_26.8.16_3/meshes/torso_Link.STL,1,1,1,1,0,0,0,0,0,0,package://wheel_robot_26.8.16_3/meshes/torso_Link.STL,,body_link-1,cs_waist_yaw,axis_waist_yaw,waist_yaw_joint,revolute,0,-0.065,0,1.5708,0,0,waist_Link,0,0,1,100,3.14,-3.14,3.14,,,,,,,,
head_yaw_Link,0.00036239,-0.0041487,0.043435,0,0,0,0.35,0.00011035,-8.4241E-08,1.4605E-06,7.2715E-05,-1.16E-06,0.00010722,0,0,0,0,0,0,package://wheel_robot_26.8.16_3/meshes/head_yaw_Link.STL,1,1,1,1,0,0,0,0,0,0,package://wheel_robot_26.8.16_3/meshes/head_yaw_Link.STL,,head_yaw_link-1,cs_neck_yaw,axis_neck_yaw,head_yaw_joint,revolute,0,0,0.4767,0,0,3.14,torso_Link,0,0,1,100,3.14,-3.14,3.14,,,,,,,,
head_pitch_Link,0.11286,0.019983,-0.00029554,0,0,0,1.3,5.5911E-06,2.2958E-06,-2.1826E-09,7.3036E-06,4.9018E-10,6.6734E-06,0,0,0,0,0,0,package://wheel_robot_26.8.16_3/meshes/head_pitch_Link.STL,1,1,1,1,0,0,0,0,0,0,package://wheel_robot_26.8.16_3/meshes/head_pitch_Link.STL,,head_pitch_link-1,cs_neck_pitch,axis_neck_pitch,head_pitch_joint,revolute,0,0,0.063,1.5708,-1.5708,0,head_yaw_Link,0,0,1,100,3.14,-0.5235,0.5235,,,,,,,,
head_d435_Link,-0.016645,-0.058585,-0.022112,0,0,0,0.1,0.00051358,-2.5646E-06,-5.4758E-07,0.00014601,-8.7061E-05,0.00049647,0,0,0,0,0,0,package://wheel_robot_26.8.16_3/meshes/head_d435_Link.STL,0.79216,0.81961,0.93333,1,0,0,0,0,0,0,package://wheel_robot_26.8.16_3/meshes/head_d435_Link.STL,,head_D435-1,cs_head_d435,axis_head_d435,head_d435_joint,fixed,0.15141,0.092208,0.0175,-2.7925,-1.5708,1.5708,head_pitch_Link,0,0,0,,,,,,,,,,,,
body_d435_Link,-0.016445,4.5863E-06,-0.0079779,0,0,0,0.1,4.9998E-06,2.5501E-10,4.1936E-07,3.1607E-05,1.491E-09,3.1548E-05,0,0,0,0,0,0,package://wheel_robot_26.8.16_3/meshes/body_d435_Link.STL,1,1,1,1,0,0,0,0,0,0,package://wheel_robot_26.8.16_3/meshes/body_d435_Link.STL,,body_D435_camera-1,cs_body_d435,axis_body_d435,body_d435_joint,fixed,0.10174,0.0175,0.25077,2.2703,0,1.5708,torso_Link,0,0,0,,,,,,,,,,,,
left_j0_Link,-2.9213E-06,5.2653E-05,0.11659,0,0,0,0.3,0.00050755,-8.62E-09,6.2346E-08,0.00050802,-8.6522E-07,0.00023286,0,0,0,0,0,0,package://wheel_robot_26.8.16_3/meshes/left_j0_Link.STL,1,1,1,1,0,0,0,0,0,0,package://wheel_robot_26.8.16_3/meshes/left_j0_Link.STL,,J1L-1,cs_J0L,axis1,left_j0_joint,fixed,0,0.2385,0.3897,1.5708,1.5708,0,torso_Link,0,0,0,,,,,,,,,,,,
left_shoulder_pitch_Link,-1.5281E-06,0.0012801,0.010037,0,0,0,1.56,0.00077192,9.0134E-10,1.0433E-08,0.00076311,8.0042E-06,0.00057782,0,0,0,0,0,0,package://wheel_robot_26.8.16_3/meshes/left_shoulder_pitch_Link.STL,1,1,1,1,0,0,0,0,0,0,package://wheel_robot_26.8.16_3/meshes/left_shoulder_pitch_Link.STL,,left_shoulder_pitch_link-1,cs1,axis1,left_shoulder_pitch_joint,revolute,0,0,0,0,0,0,left_j0_Link,0,0,1,100,3.14,-2.617,3.489,,,,,,,,
left_shoulder_roll_Link,-0.00556,0.0599,0.0066588,0,0,0,1.6,0.0010035,2.3841E-05,-1.0274E-05,0.00055872,0.00014007,0.0007246,0,0,0,0,0,0,package://wheel_robot_26.8.16_3/meshes/left_shoulder_roll_Link.STL,1,1,1,1,0,0,0,0,0,0,package://wheel_robot_26.8.16_3/meshes/left_shoulder_roll_Link.STL,,left_shoulder_roll_link-1,cs2,axis2,left_shoulder_roll_joint,revolute,0,0,0,-1.5708,-1.5708,0,left_shoulder_pitch_Link,0,0,1,100,3.14,-0.52,3.14,,,,,,,,
left_shoulder_yaw_Link,-0.0052548,2.5172E-06,-0.058521,0,0,0,1.43,0.0033775,-4.6541E-08,0.00040068,0.0034959,-5.8781E-07,0.00095839,0,0,0,0,0,0,package://wheel_robot_26.8.16_3/meshes/left_shoulder_yaw_Link.STL,1,1,1,1,0,0,0,0,0,0,package://wheel_robot_26.8.16_3/meshes/left_shoulder_yaw_Link.STL,,left_shoulder_yaw_link-1,cs3,axis3,left_shoulder_yaw_joint,revolute,0,0.263,0,-1.5708,1.5708,0,left_shoulder_roll_Link,0,0,1,100,3.14,-2.97,2.97,,,,,,,,
left_elbow_pitch_Link,0.01882,0.06158,-0.0031393,0,0,0,1.54,0.00096589,-2.8213E-05,-3.0991E-05,0.00057825,-9.4763E-05,0.00086553,0,0,0,0,0,0,package://wheel_robot_26.8.16_3/meshes/left_elbow_pitch_Link.STL,1,1,1,1,0,0,0,0,0,0,package://wheel_robot_26.8.16_3/meshes/left_elbow_pitch_Link.STL,,left_elbow_pitch_link-1,cs4,axis4,left_elbow_pitch_joint,revolute,-0.017,0,0,1.5708,0,0,left_shoulder_yaw_Link,0,0,1,100,3.14,-0.26,2.62,,,,,,,,
left_wrist_yaw_Link,2.1303E-06,-3.3632E-05,-0.10933,0,0,0,1,0.0019601,-4.5686E-08,6.9422E-07,0.0018266,-7.1661E-06,0.00073908,0,0,0,0,0,0,package://wheel_robot_26.8.16_3/meshes/left_wrist_yaw_Link.STL,1,1,1,1,0,0,0,0,0,0,package://wheel_robot_26.8.16_3/meshes/left_wrist_yaw_Link.STL,,left_wrist_yaw_link-1,cs5,axis5,left_wrist_yaw_joint,revolute,0.017,0.292,0,-1.5708,0,0,left_elbow_pitch_Link,0,0,1,100,3.14,-2.97,2.97,,,,,,,,
left_wrist_pitch_Link,-0.011382,-0.0010026,0.0011829,0,0,0,0.76,0.00019501,3.4698E-06,1.0237E-06,0.00028123,-4.1873E-08,0.00028521,0,0,0,0,0,0,package://wheel_robot_26.8.16_3/meshes/left_wrist_pitch_Link.STL,1,1,1,1,0,0,0,0,0,0,package://wheel_robot_26.8.16_3/meshes/left_wrist_pitch_Link.STL,,left_wrist_pitch_link-1,cs6,axis6,left_wrist_pitch_joint,revolute,0,0,0,1.5708,-1.5708,0,left_wrist_yaw_Link,0,0,1,100,3.14,-1.05,1.05,,,,,,,,
left_wrist_roll_Link,0.051582,0.00093772,0.013171,0,0,0,1,6.93E-05,-1.2765E-06,1.5894E-05,8.3806E-05,1.9625E-06,7.456E-05,0,0,0,0,0,0,package://wheel_robot_26.8.16_3/meshes/left_wrist_roll_Link.STL,0.79216,0.81961,0.93333,1,0,0,0,0,0,0,package://wheel_robot_26.8.16_3/meshes/left_wrist_roll_Link.STL,,left_wrist_rolllink-1,cs7,axis7,left_wrist_roll_joint,revolute,0,0,0,-1.5708,0,0,left_wrist_pitch_Link,0,0,1,100,3.14,-1.57,1.57,,,,,,,,
left_gripper_link,0.00040153,3.4202E-05,0.066561,0,0,0,0.5,0.00084915,1.0618E-07,-1.2716E-06,0.00058135,1.5563E-07,0.00044074,0,0,0,0,0,0,package://wheel_robot_26.8.16_3/meshes/left_gripper_link.STL,0.9,1,1,1,0,0,0,0,0,0,package://wheel_robot_26.8.16_3/meshes/left_gripper_link.STL,,left_camerfix-1;left_gripper-1,坐标系13,基准轴12,left_gripper_joint,fixed,0.0825,0,0,3.14,-1.5708,3.14,left_wrist_roll_Link,0,0,0,100,3.14,0,0.0475,,,,,,,,
left_D405_Link,1.3878E-17,-3.0809E-15,0.016231,0,0,0,0.1,1.2746E-05,3.8562E-22,5.1496E-22,1.2765E-05,-1.3956E-21,1.6033E-05,0,0,0,0,0,0,package://wheel_robot_26.8.16_3/meshes/left_D405_Link.STL,1,1,1,1,0,0,0,0,0,0,package://wheel_robot_26.8.16_3/meshes/left_D405_Link.STL,,left_D405-1,cs_left_d405,axis_left_d405,left_D405_joint,fixed,0.062698,0,0.0248,0,0,0,left_gripper_link,0,0,0,,,,,,,,,,,,
left_finger01_Link,-1.6448E-13,-9.518E-05,0.0047305,0,0,0,0.1,5.2736E-07,6.6885E-19,9.6175E-19,2.5707E-07,-2.8382E-09,6.728E-07,0,0,0,0,0,0,package://wheel_robot_26.8.16_3/meshes/left_finger01_Link.STL,1,1,1,1,0,0,0,0,0,0,package://wheel_robot_26.8.16_3/meshes/left_finger01_Link.STL,,left_finger01-2,坐标系16,基准轴10,left_finger01_joint,prismatic,-0.00175,0.0476,0.17004,-1.5708,0,0,left_gripper_link,0,0,1,100,0.1,-0.0475,0,,,,,,,,
left_finger02_Link,1.6488E-13,-9.518E-05,-0.0047305,0,0,0,0.1,5.2736E-07,-6.5571E-19,9.7493E-19,2.5707E-07,2.8382E-09,6.728E-07,0,0,0,0,0,0,package://wheel_robot_26.8.16_3/meshes/left_finger02_Link.STL,1,1,1,1,0,0,0,0,0,0,package://wheel_robot_26.8.16_3/meshes/left_finger02_Link.STL,,left_finger02-1,坐标系17,基准轴11,left_finger02_joint,prismatic,-0.00175,-0.0474,0.17004,-1.5708,0,0,left_gripper_link,0,0,1,100,0.1,0,0.0475,,,,,,,,
right_j0_Link,-2.7744E-05,-4.4867E-05,-0.11659,0,0,0,0.3,0.00050767,2.0137E-07,-4.6707E-07,0.00050791,-7.3046E-07,0.00023286,0,0,0,0,0,0,package://wheel_robot_26.8.16_3/meshes/right_j0_Link.STL,1,1,1,1,0,0,0,0,0,0,package://wheel_robot_26.8.16_3/meshes/right_j0_Link.STL,,J1R-1,cs_J0R,axis1r,right_j0_joint,fixed,0,-0.2385,0.3897,1.5708,1.5708,0,torso_Link,0,0,0,,,,,,,,,,,,
right_shoulder_pitch_Link,-8.2772E-07,0.0012797,-0.010038,0,0,0,1.56,0.00077195,6.8228E-09,2.4063E-09,0.00076314,-8.0164E-06,0.00057784,0,0,0,0,0,0,package://wheel_robot_26.8.16_3/meshes/right_shoulder_pitch_Link.STL,1,1,1,1,0,0,0,0,0,0,package://wheel_robot_26.8.16_3/meshes/right_shoulder_pitch_Link.STL,,right_shoulder_pitch_link-2,cs1r,axis1r,right_shoulder_pitch_joint,revolute,0,0,0,0,0,0,right_j0_Link,0,0,1,100,3.14,-2.617,3.489,,,,,,,,
right_shoulder_roll_Link,0.0055601,0.059897,0.0066624,0,0,0,1.6,0.0010036,-2.3862E-05,1.0224E-05,0.00055879,0.00014012,0.00072463,0,0,0,0,0,0,package://wheel_robot_26.8.16_3/meshes/right_shoulder_roll_Link.STL,1,1,1,1,0,0,0,0,0,0,package://wheel_robot_26.8.16_3/meshes/right_shoulder_roll_Link.STL,,right_shoulder_roll_link-2,cs2r,axis2r,right_shoulder_roll_joint,revolute,0,0,0,-1.5708,-1.5708,0,right_shoulder_pitch_Link,0,0,1,100,3.14,-3.14,0.52,,,,,,,,
right_shoulder_yaw_Link,-0.0052547,-2.5343E-06,-0.058521,0,0,0,1.43,0.0033775,3.6295E-08,0.00040068,0.0034959,5.783E-07,0.00095839,0,0,0,0,0,0,package://wheel_robot_26.8.16_3/meshes/right_shoulder_yaw_Link.STL,1,1,1,1,0,0,0,0,0,0,package://wheel_robot_26.8.16_3/meshes/right_shoulder_yaw_Link.STL,,right_shoulder_yaw_link-2,cs3r,axis3r,right_shoulder_yaw_joint,revolute,0,0.263,0,-1.5708,1.5708,0,right_shoulder_roll_Link,0,0,1,100,3.14,-2.97,2.97,,,,,,,,
right_elbow_pitch_Link,0.018819,0.061581,0.0031387,0,0,0,1.54,0.00096592,-2.821E-05,3.099E-05,0.00057825,9.4752E-05,0.00086555,0,0,0,0,0,0,package://wheel_robot_26.8.16_3/meshes/right_elbow_pitch_Link.STL,1,1,1,1,0,0,0,0,0,0,package://wheel_robot_26.8.16_3/meshes/right_elbow_pitch_Link.STL,,right_elbow_pitch_link-2,cs4r,axis4r,right_elbow_pitch_joint,revolute,-0.017,0,0,1.5708,0,0,right_shoulder_yaw_Link,0,0,1,100,3.14,-0.26,2.62,,,,,,,,
right_wrist_yaw_Link,2.4025E-06,3.37E-05,-0.10934,0,0,0,1,0.00196,3.6658E-08,7.0417E-07,0.0018265,7.1626E-06,0.00073908,0,0,0,0,0,0,package://wheel_robot_26.8.16_3/meshes/right_wrist_yaw_Link.STL,1,1,1,1,0,0,0,0,0,0,package://wheel_robot_26.8.16_3/meshes/right_wrist_yaw_Link.STL,,right_wrist_yaw_link-2,cs5r,axis5r,right_wrist_yaw_joint,revolute,0.017,0.292,0,-1.5708,0,0,right_elbow_pitch_Link,0,0,1,100,3.14,-2.97,2.97,,,,,,,,
right_wrist_pitch_Link,-0.011382,-0.0010025,-0.0011828,0,0,0,0.76,0.00019501,3.4699E-06,-1.0213E-06,0.00028124,4.1324E-08,0.00028521,0,0,0,0,0,0,package://wheel_robot_26.8.16_3/meshes/right_wrist_pitch_Link.STL,1,1,1,1,0,0,0,0,0,0,package://wheel_robot_26.8.16_3/meshes/right_wrist_pitch_Link.STL,,right_wrist_pitch_link-2,cs6r,axis6r,right_wrist_pitch_joint,revolute,0,0,0,1.5708,-1.5708,0,right_wrist_yaw_Link,0,0,1,100,3.14,-1.05,1.05,,,,,,,,
right_wrist_roll_Link,0.051482,0.00093772,0.013171,0,0,0,1,6.93E-05,-1.2765E-06,1.5894E-05,8.3806E-05,1.9625E-06,7.456E-05,0,0,0,0,0,0,package://wheel_robot_26.8.16_3/meshes/right_wrist_roll_Link.STL,0.79216,0.81961,0.93333,1,0,0,0,0,0,0,package://wheel_robot_26.8.16_3/meshes/right_wrist_roll_Link.STL,,right_wrist_rolllink-1,cs7r,axis7r,right_wrist_roll_joint,revolute,0,0,0,-1.5708,0,0,right_wrist_pitch_Link,0,0,1,100,3.14,-1.57,1.57,,,,,,,,
right_gripper_Link,0.00040153,3.4202E-05,0.066561,0,0,0,0.5,0.00084915,1.0618E-07,-1.2716E-06,0.00058135,1.5563E-07,0.00044074,0,0,0,0,0,0,package://wheel_robot_26.8.16_3/meshes/right_gripper_Link.STL,0.9,1,1,1,0,0,0,0,0,0,package://wheel_robot_26.8.16_3/meshes/right_gripper_Link.STL,,right_gripper-1;right_camerfix-1,坐标系12,基准轴13,right_gripper_joint,fixed,0.0824,0,0,0,-1.5708,3.14,right_wrist_roll_Link,0,0,0,100,3.14,0,0.0475,,,,,,,,
right_D405_Link,0,0,0.016031,0,0,0,0.1,1.2746E-05,-1.1374E-21,4.378E-22,1.2765E-05,9.6459E-22,1.6033E-05,0,0,0,0,0,0,package://wheel_robot_26.8.16_3/meshes/right_D405_Link.STL,1,1,1,1,0,0,0,0,0,0,package://wheel_robot_26.8.16_3/meshes/right_D405_Link.STL,,right_D405-1,cs_right_d405,axis_right_d405,right_D405_joint,fixed,0.062698,0,0.025,0,0,0,right_gripper_Link,0,0,0,,,,,,,,,,,,
right_finger01_Link,1.6505E-13,-9.518E-05,-0.0047305,0,0,0,0.1,5.2736E-07,-6.499E-19,9.8038E-19,2.5707E-07,2.8382E-09,6.728E-07,0,0,0,0,0,0,package://wheel_robot_26.8.16_3/meshes/right_finger01_Link.STL,1,1,1,1,0,0,0,0,0,0,package://wheel_robot_26.8.16_3/meshes/right_finger01_Link.STL,,right_finger01-1,坐标系15,基准轴8,right_finger01_joint,prismatic,-0.00175,-0.0474,0.16994,-1.5708,0,0,right_gripper_Link,0,0,1,0,0,0,0.0475,,,,,,,,
right_finger02_Link,-1.6432E-13,-9.518E-05,0.0047305,0,0,0,0.1,5.2736E-07,6.7442E-19,9.5656E-19,2.5707E-07,-2.8382E-09,6.728E-07,0,0,0,0,0,0,package://wheel_robot_26.8.16_3/meshes/right_finger02_Link.STL,1,1,1,1,0,0,0,0,0,0,package://wheel_robot_26.8.16_3/meshes/right_finger02_Link.STL,,right_finger02-1,坐标系14,基准轴9,right_finger02_joint,prismatic,-0.00175,0.0476,0.16994,-1.5708,0,0,right_gripper_Link,0,0,1,0,0,-0.0475,0,,,,,,,,
left_front_steering_Link,2.0729E-08,0.024717,-0.037742,0,0,0,1.32,0.00044983,-4.2274E-11,1.5212E-10,0.0004002,0.00013809,0.00028025,0,0,0,0,0,0,package://wheel_robot_26.8.16_3/meshes/left_front_steering_Link.STL,0.79608,0.82353,0.93725,1,0,0,0,0,0,0,package://wheel_robot_26.8.16_3/meshes/left_front_steering_Link.STL,,left_front_steering_link-1,cs_left_front_steering,axis_left_front_steering,left_front_steering_joint,revolute,-0.13645,0.13,0.213,1.5708,0,1.5708,base_link,0,0,1,100,3.14,-3.14,3.14,,,,,,,,
left_front_wheel_Link,4.698E-06,-0.0012211,1.1115E-06,0,0,0,4.85,0.0021653,-1.6464E-07,5.3663E-09,0.0032009,-3.8842E-08,0.0021653,0,0,0,0,0,0,package://wheel_robot_26.8.16_3/meshes/left_front_wheel_Link.STL,1,1,1,1,0,0,0,0,0,0,package://wheel_robot_26.8.16_3/meshes/left_front_wheel_Link.STL,,left_front_wheel_link-1,cs_left_front_wheel,axis_left_front_wheel,left_front_wheel_joint,continuous,0,0,-0.116,0,0,0,left_front_steering_Link,0,1,0,,,,,,,,,,,,
right_front_steering_Link,-2.0729E-08,-0.024717,-0.037742,0,0,0,1.32,0.00044983,-4.2274E-11,-1.5212E-10,0.0004002,-0.00013809,0.00028025,0,0,0,0,0,0,package://wheel_robot_26.8.16_3/meshes/right_front_steering_Link.STL,0.79608,0.82353,0.93725,1,0,0,0,0,0,0,package://wheel_robot_26.8.16_3/meshes/right_front_steering_Link.STL,,right_front_steering_link-1,cs_right_front_steering,axis_right_front_steering,right_front_steering_joint,revolute,-0.13645,0.13,-0.213,1.5708,0,1.5708,base_link,0,0,1,100,3.14,-3.14,3.14,,,,,,,,
right_front_wheel_Link,8.9304E-08,0.0012211,4.8271E-06,0,0,0,4.85,0.0021653,2.9914E-09,5.5571E-09,0.0032009,1.6913E-07,0.0021653,0,0,0,0,0,0,package://wheel_robot_26.8.16_3/meshes/right_front_wheel_Link.STL,1,1,1,1,0,0,0,0,0,0,package://wheel_robot_26.8.16_3/meshes/right_front_wheel_Link.STL,,right_front_wheel_link-1,cs_right_front_wheel,axis_right_front_wheel,right_front_wheel_joint,continuous,0,0,-0.116,0,0,0,right_front_steering_Link,0,1,0,,,,,,,,,,,,
rear_steering_Link,6.6536E-09,0.024108,-0.035583,0,0,0,1.32,0.00041436,4.4631E-12,-4.1278E-11,0.00036519,0.00012874,0.0002773,0,0,0,0,0,0,package://wheel_robot_26.8.16_3/meshes/rear_steering_Link.STL,0.79608,0.82353,0.93725,1,0,0,0,0,0,0,package://wheel_robot_26.8.16_3/meshes/rear_steering_Link.STL,,rear_steering_link-1,cs_rear_steering,axis_rear_steering,rear_steering_joint,revolute,-0.14245,-0.255,0,1.5708,0,1.5708,base_link,0,0,1,100,3.14,-3.14,3.14,,,,,,,,
rear_wheel_Link,4.8278E-06,-0.0012211,-3.516E-08,0,0,0,4.85,0.0021653,-1.6915E-07,5.5104E-09,0.0032009,1.3695E-09,0.0021653,0,0,0,0,0,0,package://wheel_robot_26.8.16_3/meshes/rear_wheel_Link.STL,1,1,1,1,0,0,0,0,0,0,package://wheel_robot_26.8.16_3/meshes/rear_wheel_Link.STL,,rear_wheel_link-1,cs_rear_wheel,axis_rear_wheel,rear_wheel_joint,continuous,0,0,-0.11,0,0,0,rear_steering_Link,0,1,0,,,,,,,,,,,,
MID360_Link,-0.00013968,-0.00014905,-0.012336,0,0,0,0.5,6.6772E-05,-2.5262E-06,2.0998E-08,6.6759E-05,-4.0182E-09,6.8807E-05,0,0,0,0,0,0,package://wheel_robot_26.8.16_3/meshes/MID360_Link.STL,1,1,1,1,0,0,0,0,0,0,package://wheel_robot_26.8.16_3/meshes/MID360_Link.STL,,MID360_lidar-1,cs_3d_lidar,axis_3Dlidar,MID360_joint,fixed,-0.0016259,0.0765,0.1954,1.5708,0,1.5708,base_link,0,0,0,,,,,,,,,,,,
2Dlidar_Link,-0.00052689,0.00052689,-0.012273,0,0,0,0.5,0,0,0,0,0,0,0,0,0,0,0,0,package://wheel_robot_26.8.16_3/meshes/2Dlidar_Link.STL,1,1,1,1,0,0,0,0,0,0,package://wheel_robot_26.8.16_3/meshes/2Dlidar_Link.STL,,2D_lidar0-1,cs_2d_lidar,axis_2Dlidar,2Dlidar_joint,fixed,-0.00045298,-0.22,-0.19,1.5708,0,1.5708,base_link,0,0,0,,,,,,,,,,,,
